State,Oct 2010,Nov 2010,Dec 2010,Jan 2011,Feb 2011,Mar 2011,Apr 2011,May 2011,Jun 2011,Jul 2011,Aug 2011,Sep 2011,Oct 2011,Nov 2011,Dec 2011,Jan 2012,Feb 2012,Mar 2012,Apr 2012,May 2012,Jun 2012,Jul 2012,Aug 2012,Sep 2012,Oct 2012,Nov 2012,Dec 2012,Jan 2013,Feb 2013,Mar 2013,Apr 2013,May 2013,Jun 2013,Jul 2013,Aug 2013,Sep 2013,Oct 2013,Nov 2013,Dec 2013,Jan 2014,Feb 2014,Mar 2014,Apr 2014,May 2014,Jun 2014,Jul 2014,Aug 2014,Sep 2014,Oct 2014,Nov 2014,Dec 2014,Jan 2015,Feb 2015,Mar 2015,Apr 2015,May 2015,Jun 2015,Jul 2015,Aug 2015,Sep 2015,Oct 2015,Nov 2015,Dec 2015,Jan 2016,Feb 2016,Mar 2016,Apr 2016,May 2016,Jun 2016,Jul 2016,Aug 2016,Sep 2016,Oct 2016,Nov 2016,Dec 2016,Jan 2017,Feb 2017,Mar 2017,Apr 2017,May 2017,Jun 2017,Jul 2017,Aug 2017,Sep 2017,Oct 2017,Nov 2017,Dec 2017,Jan 2018,Feb 2018,Mar 2018,Apr 2018,May 2018,Jun 2018,Jul 2018,Aug 2018,Sep 2018,Oct 2018,Nov 2018,Dec 2018,Jan 2019,Feb 2019,Mar 2019,Apr 2019,May 2019,Jun 2019,Jul 2019,Aug 2019,Sep 2019,Oct 2019,Nov 2019,Dec 2019,Jan 2020,Feb 2020,Mar 2020,Apr 2020,May 2020,Jun 2020,Jul 2020,Aug 2020,Sep 2020,10/1/2020,
Alabama,10.1,10.2,10.3,10.2,10.2,10.1,10.0,10.0,10.0,9.9,9.7,9.4,9.0,8.6,8.3,8.1,7.9,8.0,8.1,8.2,8.3,8.2,8.1,7.9,7.8,7.6,7.6,7.5,7.4,7.3,7.2,7.1,7.0,7.1,7.1,7.2,7.2,7.2,7.3,7.2,7.2,7.2,7.1,7.0,6.9,6.7,6.6,6.5,6.4,6.2,6.1,6.0,6.0,6.1,6.1,6.2,6.2,6.2,6.1,6.1,6.0,6.0,6.0,6.0,5.9,5.9,5.8,5.8,5.8,5.8,5.8,5.9,5.9,5.8,5.7,5.4,5.2,4.9,4.7,4.5,4.3,4.2,4.1,4.0,3.9,3.9,3.9,3.9,3.9,4.0,4.0,4.0,4.0,4.0,3.9,3.8,3.7,3.7,3.6,3.6,3.5,3.3,3.2,3.0,2.9,2.8,2.8,2.7,2.7,2.7,2.7,2.7,2.7,3.0,13.8,9.6,7.6,7.9,5.6,6.7,5.8,
Alaska,7.8,7.8,7.8,7.8,7.7,7.7,7.6,7.6,7.5,7.5,7.5,7.5,7.5,7.5,7.4,7.4,7.3,7.3,7.2,7.2,7.1,7.1,7.0,7.0,7.0,7.0,7.0,7.0,7.0,7.0,7.0,7.0,7.0,7.0,7.0,7.0,7.0,7.0,7.0,7.0,7.0,7.0,7.0,7.0,7.0,6.9,6.9,6.8,6.7,6.6,6.5,6.5,6.5,6.5,6.5,6.5,6.5,6.5,6.5,6.5,6.6,6.6,6.7,6.7,6.8,6.8,6.8,6.9,6.9,6.9,6.9,6.9,6.9,6.9,6.9,6.9,6.9,6.9,6.9,6.9,6.9,6.9,6.9,6.9,6.9,6.8,6.8,6.7,6.7,6.6,6.6,6.5,6.5,6.4,6.4,6.3,6.3,6.2,6.2,6.1,6.1,6.1,6.1,6.2,6.2,6.2,6.2,6.2,6.1,6.1,6.1,6.0,5.8,5.2,13.5,12.7,12.4,11.6,7.4,7.2,5.9,
Arizona,10.1,10.0,9.9,9.8,9.7,9.7,9.7,9.7,9.7,9.7,9.6,9.4,9.2,9.0,8.8,8.7,8.7,8.6,8.6,8.5,8.5,8.3,8.2,8.1,8.0,7.9,7.9,7.9,7.9,7.9,7.9,7.8,7.8,7.8,7.7,7.7,7.6,7.5,7.4,7.3,7.1,7.0,6.9,6.9,6.8,6.7,6.7,6.6,6.6,6.5,6.5,6.4,6.3,6.3,6.2,6.1,6.1,6.0,6.0,5.9,5.9,5.8,5.7,5.6,5.5,5.5,5.5,5.4,5.4,5.4,5.3,5.3,5.2,5.2,5.2,5.1,5.1,5.0,5.0,4.9,4.8,4.8,4.7,4.7,4.7,4.7,4.8,4.8,4.8,4.7,4.7,4.7,4.7,4.7,4.7,4.7,4.8,4.8,4.8,4.9,4.9,4.8,4.8,4.8,4.8,4.7,4.6,4.6,4.5,4.5,4.5,4.5,4.5,6.1,13.4,9.0,10.0,10.7,5.9,6.5,8.0,
Arkansas,8.3,8.3,8.4,8.5,8.5,8.5,8.5,8.5,8.4,8.4,8.3,8.2,8.0,7.9,7.8,7.7,7.6,7.6,7.6,7.6,7.6,7.6,7.6,7.5,7.5,7.5,7.5,7.4,7.4,7.4,7.4,7.4,7.3,7.3,7.2,7.1,7.0,6.9,6.8,6.6,6.5,6.3,6.2,6.1,6.0,5.9,5.8,5.8,5.7,5.7,5.6,5.6,5.5,5.5,5.4,5.3,5.1,5.0,4.8,4.7,4.5,4.4,4.3,4.2,4.2,4.1,4.0,4.0,4.0,4.0,3.9,3.9,3.8,3.8,3.7,3.7,3.7,3.6,3.6,3.7,3.7,3.7,3.7,3.7,3.7,3.7,3.7,3.7,3.7,3.7,3.7,3.7,3.6,3.6,3.6,3.6,3.6,3.6,3.6,3.6,3.6,3.5,3.5,3.5,3.6,3.6,3.6,3.6,3.5,3.5,3.5,3.5,3.5,5.0,10.8,9.6,8.1,7.1,7.4,7.2,6.2,
California,12.3,12.3,12.2,12.1,12.0,11.9,11.8,11.8,11.8,11.8,11.7,11.6,11.5,11.3,11.2,11.0,10.9,10.8,10.7,10.6,10.5,10.4,10.2,10.0,9.9,9.8,9.7,9.6,9.4,9.3,9.2,9.1,9.0,8.9,8.8,8.7,8.6,8.4,8.3,8.2,8.0,7.9,7.8,7.7,7.5,7.4,7.3,7.2,7.1,7.0,6.9,6.8,6.7,6.6,6.5,6.4,6.2,6.1,6.0,5.9,5.8,5.8,5.7,5.7,5.6,5.6,5.5,5.5,5.5,5.5,5.5,5.4,5.4,5.4,5.3,5.2,5.1,5.0,4.9,4.9,4.8,4.8,4.7,4.6,4.6,4.5,4.4,4.4,4.3,4.3,4.3,4.3,4.2,4.2,4.2,4.2,4.2,4.2,4.3,4.3,4.3,4.2,4.2,4.1,4.0,4.0,3.9,3.9,3.9,3.9,3.9,3.9,3.9,5.5,16.4,16.4,14.9,13.5,11.2,11.1,9.3,
Colorado,8.9,8.9,8.9,8.8,8.7,8.5,8.4,8.3,8.3,8.3,8.2,8.2,8.2,8.2,8.2,8.2,8.1,8.1,8.1,8.0,8.0,7.9,7.8,7.7,7.7,7.6,7.5,7.4,7.3,7.2,7.1,7.1,7.0,6.9,6.8,6.6,6.4,6.3,6.1,6.0,5.8,5.6,5.4,5.2,5.0,4.8,4.6,4.5,4.4,4.3,4.3,4.3,4.2,4.2,4.1,4.1,4.0,3.8,3.7,3.6,3.6,3.5,3.5,3.5,3.5,3.5,3.5,3.4,3.4,3.3,3.3,3.2,3.1,3.0,2.9,2.8,2.7,2.7,2.7,2.7,2.7,2.8,2.8,2.9,2.9,2.9,2.9,3.0,3.0,3.0,3.1,3.1,3.2,3.2,3.2,3.3,3.3,3.3,3.2,3.2,3.1,3.0,2.9,2.8,2.7,2.7,2.6,2.6,2.5,2.5,2.5,2.5,2.5,5.2,12.2,10.2,10.6,7.4,6.7,6.4,6.4,
Connecticut,9.2,9.3,9.3,9.2,9.2,9.2,9.1,9.0,8.9,8.8,8.7,8.6,8.5,8.4,8.3,8.2,8.2,8.3,8.3,8.4,8.5,8.5,8.5,8.4,8.4,8.3,8.2,8.2,8.1,8.1,8.0,7.9,7.9,7.8,7.8,7.7,7.5,7.4,7.3,7.2,7.0,6.9,6.8,6.7,6.6,6.5,6.5,6.4,6.4,6.3,6.2,6.1,6.0,5.9,5.8,5.7,5.7,5.6,5.6,5.6,5.6,5.6,5.5,5.5,5.4,5.4,5.3,5.3,5.2,5.2,5.1,5.0,4.9,4.9,4.8,4.8,4.8,4.8,4.8,4.8,4.7,4.7,4.6,4.6,4.6,4.6,4.6,4.5,4.5,4.4,4.3,4.2,4.2,4.1,4.0,4.0,3.9,3.9,3.9,3.8,3.8,3.7,3.7,3.7,3.7,3.7,3.7,3.7,3.8,3.8,3.8,3.7,3.8,3.4,8.3,9.6,10.1,10.2,8.1,7.7,6.1,
Delaware,8.2,8.1,8.0,7.9,7.8,7.7,7.6,7.5,7.5,7.5,7.4,7.4,7.3,7.2,7.2,7.1,7.1,7.1,7.2,7.2,7.2,7.2,7.3,7.3,7.3,7.3,7.2,7.2,7.1,7.1,7.0,6.9,6.8,6.6,6.5,6.4,6.3,6.2,6.2,6.1,6.1,6.0,6.0,5.9,5.8,5.7,5.6,5.5,5.4,5.3,5.2,5.1,5.0,5.0,4.9,4.9,4.9,4.8,4.8,4.8,4.7,4.7,4.7,4.6,4.6,4.5,4.5,4.5,4.5,4.5,4.5,4.5,4.5,4.5,4.6,4.6,4.6,4.6,4.6,4.6,4.5,4.5,4.4,4.4,4.3,4.3,4.2,4.1,4.1,4.0,3.9,3.9,3.8,3.7,3.7,3.6,3.6,3.5,3.5,3.5,3.5,3.6,3.6,3.7,3.7,3.8,3.9,3.9,4.0,4.0,4.0,4.0,3.9,5.0,14.9,15.9,12.6,10.5,8.9,8.3,5.6,
District of Columbia,9.3,9.4,9.5,9.6,9.8,10.1,10.3,10.4,10.5,10.5,10.4,10.3,10.1,10.0,9.9,9.8,9.6,9.4,9.3,9.1,8.9,8.8,8.8,8.7,8.7,8.7,8.7,8.7,8.7,8.7,8.6,8.6,8.6,8.5,8.5,8.4,8.3,8.2,8.1,8.0,8.0,7.9,7.9,7.8,7.8,7.7,7.7,7.7,7.6,7.6,7.5,7.4,7.3,7.2,7.1,7.0,6.9,6.8,6.7,6.6,6.6,6.5,6.5,6.4,6.3,6.2,6.1,6.1,6.1,6.1,6.0,6.0,6.0,6.0,6.0,6.0,6.1,6.1,6.1,6.2,6.2,6.2,6.1,6.1,6.0,5.9,5.8,5.8,5.8,5.8,5.8,5.7,5.7,5.7,5.6,5.6,5.6,5.7,5.7,5.8,5.8,5.7,5.6,5.5,5.4,5.4,5.3,5.3,5.3,5.3,5.3,5.2,5.1,6.0,11.7,8.8,8.7,8.5,8.6,9.0,8.2,
Florida,11.0,11.0,10.8,10.7,10.5,10.4,10.3,10.2,10.2,10.1,9.9,9.7,9.5,9.3,9.1,8.9,8.8,8.7,8.7,8.7,8.6,8.5,8.4,8.3,8.1,8.1,8.0,7.9,7.8,7.6,7.5,7.4,7.3,7.2,7.0,6.9,6.8,6.7,6.7,6.6,6.6,6.6,6.5,6.4,6.3,6.2,6.2,6.1,6.0,5.9,5.9,5.8,5.7,5.7,5.6,5.6,5.5,5.4,5.4,5.3,5.2,5.1,5.1,5.0,4.9,4.9,4.8,4.8,4.8,4.8,4.8,4.8,4.8,4.7,4.7,4.6,4.5,4.4,4.3,4.3,4.2,4.2,4.1,4.1,4.0,4.0,4.0,3.9,3.9,3.8,3.7,3.7,3.6,3.5,3.4,3.4,3.4,3.4,3.4,3.4,3.4,3.4,3.3,3.2,3.2,3.1,3.0,2.9,2.9,2.8,2.9,2.8,2.8,4.4,13.8,13.7,10.3,11.4,7.3,7.2,6.5,
Georgia,10.6,10.6,10.6,10.5,10.4,10.3,10.3,10.3,10.3,10.4,10.3,10.2,10.1,9.9,9.8,9.7,9.6,9.5,9.5,9.4,9.3,9.1,9.0,8.9,8.8,8.8,8.7,8.7,8.6,8.6,8.5,8.4,8.3,8.2,8.1,7.9,7.8,7.7,7.6,7.5,7.4,7.3,7.3,7.3,7.3,7.2,7.1,6.9,6.8,6.6,6.5,6.4,6.3,6.3,6.2,6.1,6.0,5.9,5.9,5.8,5.7,5.6,5.6,5.5,5.5,5.4,5.4,5.3,5.3,5.3,5.4,5.4,5.4,5.4,5.3,5.2,5.1,5.0,4.9,4.8,4.7,4.6,4.5,4.5,4.4,4.3,4.3,4.2,4.2,4.1,4.1,4.0,3.9,3.9,3.8,3.8,3.8,3.8,3.8,3.8,3.7,3.7,3.6,3.6,3.5,3.4,3.3,3.2,3.2,3.1,3.1,3.1,3.1,4.6,12.6,9.4,7.6,7.6,5.7,6.3,4.5,
Hawaii,6.9,6.9,6.8,6.8,6.7,6.7,6.7,6.7,6.8,6.8,6.9,6.9,6.9,6.9,6.8,6.7,6.7,6.6,6.4,6.3,6.1,6.0,5.8,5.6,5.4,5.3,5.2,5.1,5.1,5.0,4.9,4.9,4.8,4.8,4.8,4.8,4.8,4.8,4.8,4.7,4.6,4.6,4.5,4.5,4.4,4.3,4.3,4.2,4.1,4.1,4.0,4.0,3.9,3.9,3.8,3.7,3.6,3.5,3.4,3.4,3.3,3.2,3.1,3.1,3.0,3.0,3.0,3.0,3.0,3.0,2.9,2.9,2.9,2.8,2.8,2.7,2.7,2.6,2.6,2.5,2.4,2.4,2.3,2.3,2.2,2.2,2.3,2.3,2.3,2.3,2.3,2.4,2.5,2.5,2.6,2.7,2.7,2.8,2.8,2.8,2.8,2.8,2.7,2.7,2.7,2.7,2.7,2.7,2.7,2.6,2.7,2.7,2.7,2.4,23.8,23.5,13.4,13.5,13.0,15.0,14.3,
Idaho,8.8,8.8,8.8,8.7,8.7,8.6,8.6,8.5,8.4,8.3,8.2,8.1,8.0,7.9,7.8,7.7,7.6,7.5,7.5,7.4,7.3,7.2,7.1,7.0,6.8,6.7,6.6,6.7,6.6,6.5,6.4,6.3,6.2,6.1,6.0,5.9,5.7,5.6,5.4,5.3,5.2,5.1,5.0,4.9,4.8,4.8,4.7,4.6,4.6,4.5,4.5,4.2,4.2,4.1,4.1,4.1,4.1,4.1,4.1,4.1,4.1,4.0,4.0,4.0,3.9,3.9,3.9,3.8,3.8,3.8,3.8,3.7,3.7,3.6,3.5,3.5,3.4,3.3,3.3,3.2,3.2,3.2,3.1,3.1,3.1,3.1,3.0,3.0,3.0,3.0,2.9,2.9,2.9,2.9,2.8,2.8,2.9,2.9,2.9,2.9,2.9,2.9,2.9,2.9,2.9,2.9,2.9,2.9,2.9,2.9,2.9,2.8,2.7,2.5,11.8,9.0,5.8,5.1,4.2,6.1,5.5,
Illinois,9.8,9.7,9.5,9.4,9.4,9.4,9.5,9.7,9.9,10.0,10.1,10.0,9.9,9.6,9.4,9.1,9.0,8.9,8.9,9.0,9.0,9.0,9.0,8.9,9.0,9.0,9.1,9.2,9.3,9.3,9.2,9.2,9.1,9.1,9.1,9.0,8.8,8.7,8.5,8.3,8.1,7.8,7.6,7.3,7.1,6.9,6.7,6.6,6.4,6.3,6.1,6.0,6.0,6.0,6.0,6.0,5.9,5.9,5.9,5.9,5.9,6.0,6.0,6.1,6.1,6.1,6.0,5.9,5.9,5.8,5.7,5.7,5.6,5.5,5.4,5.3,5.1,5.0,5.0,4.9,4.9,5.0,4.9,4.9,4.8,4.7,4.6,4.5,4.4,4.4,4.3,4.3,4.3,4.3,4.3,4.2,4.3,4.3,4.4,4.4,4.3,4.3,4.2,4.1,4.0,3.9,3.8,3.7,3.7,3.7,3.7,3.5,3.4,4.2,17.2,15.3,14.5,11.5,11.0,10.4,6.8,
Indiana,9.9,9.7,9.4,9.2,9.0,8.9,8.9,9.0,9.2,9.3,9.4,9.4,9.2,9.0,8.8,8.6,8.4,8.3,8.3,8.3,8.3,8.3,8.3,8.3,8.3,8.4,8.4,8.5,8.4,8.3,8.1,8.0,7.8,7.6,7.5,7.2,7.0,6.7,6.5,6.4,6.3,6.2,6.2,6.1,6.0,5.9,5.8,5.8,5.7,5.6,5.5,5.4,5.3,5.1,5.0,4.9,4.8,4.7,4.6,4.5,4.5,4.6,4.6,4.7,4.7,4.7,4.7,4.6,4.5,4.4,4.3,4.3,4.2,4.1,4.0,3.9,3.7,3.6,3.5,3.5,3.5,3.6,3.6,3.6,3.5,3.4,3.3,3.3,3.3,3.4,3.5,3.5,3.5,3.5,3.5,3.5,3.5,3.6,3.6,3.6,3.5,3.5,3.4,3.3,3.3,3.2,3.2,3.2,3.2,3.2,3.2,3.1,3.1,3.0,17.5,12.3,11.1,7.9,6.4,6.3,5.0,
Iowa,5.9,5.8,5.8,5.7,5.7,5.6,5.6,5.5,5.5,5.5,5.5,5.5,5.5,5.4,5.3,5.2,5.1,5.1,5.1,5.0,5.1,5.0,5.0,5.0,5.0,4.9,4.9,4.9,4.9,4.9,4.9,4.9,4.8,4.7,4.7,4.6,4.5,4.5,4.5,4.4,4.4,4.4,4.3,4.3,4.3,4.2,4.2,4.2,4.1,4.1,4.0,3.9,3.9,3.8,3.8,3.8,3.7,3.7,3.7,3.7,3.7,3.7,3.7,3.7,3.6,3.6,3.6,3.7,3.7,3.7,3.7,3.6,3.6,3.5,3.5,3.4,3.3,3.3,3.2,3.2,3.2,3.1,3.1,3.0,2.9,2.9,2.8,2.8,2.8,2.7,2.7,2.6,2.6,2.5,2.5,2.5,2.5,2.6,2.6,2.7,2.7,2.7,2.7,2.7,2.7,2.7,2.8,2.8,2.8,2.8,2.8,2.8,2.8,3.3,11.0,10.2,8.4,6.8,6.3,4.8,3.6,
Kansas,7.0,7.0,7.0,6.9,6.9,6.8,6.6,6.5,6.5,6.4,6.4,6.3,6.3,6.2,6.1,6.0,5.9,5.9,5.8,5.8,5.7,5.7,5.6,5.6,5.6,5.6,5.6,5.6,5.5,5.5,5.5,5.4,5.4,5.3,5.3,5.2,5.1,5.0,4.9,4.8,4.8,4.7,4.7,4.6,4.6,4.5,4.4,4.4,4.3,4.3,4.3,4.3,4.4,4.4,4.4,4.3,4.2,4.1,4.1,4.0,4.0,4.0,4.0,3.9,3.9,4.0,4.0,4.0,4.1,4.1,4.1,4.1,4.1,4.0,4.0,3.9,3.8,3.7,3.7,3.7,3.7,3.6,3.6,3.6,3.5,3.5,3.5,3.4,3.4,3.4,3.3,3.3,3.3,3.2,3.2,3.2,3.2,3.3,3.3,3.3,3.3,3.2,3.2,3.1,3.1,3.1,3.1,3.1,3.1,3.1,3.1,3.1,3.1,2.8,11.9,10.0,7.5,7.2,6.9,5.9,5.3,
Kentucky,10.0,10.0,10.0,9.8,9.7,9.6,9.6,9.5,9.5,9.5,9.4,9.3,9.1,8.9,8.6,8.4,8.2,8.1,8.1,8.1,8.2,8.2,8.2,8.2,8.1,8.1,8.1,8.1,8.1,8.1,8.1,8.1,8.1,8.1,8.1,8.0,7.9,7.8,7.7,7.5,7.4,7.2,7.0,6.8,6.5,6.3,6.1,5.9,5.7,5.6,5.5,5.4,5.4,5.3,5.3,5.3,5.2,5.2,5.2,5.2,5.2,5.3,5.3,5.3,5.2,5.2,5.1,5.0,5.0,5.0,5.1,5.1,5.1,5.2,5.2,5.2,5.2,5.2,5.1,5.1,5.0,4.9,4.8,4.7,4.6,4.5,4.4,4.3,4.3,4.3,4.3,4.4,4.4,4.4,4.4,4.3,4.3,4.3,4.3,4.2,4.2,4.2,4.3,4.3,4.3,4.3,4.3,4.3,4.3,4.3,4.3,4.3,4.2,5.2,16.6,10.9,4.4,4.5,7.5,5.6,7.4,
Louisiana,8.3,8.4,8.3,8.3,8.2,8.1,8.0,7.9,7.8,7.7,7.7,7.6,7.6,7.6,7.5,7.5,7.4,7.4,7.4,7.3,7.2,7.0,6.8,6.7,6.7,6.8,6.9,7.0,7.1,7.2,7.1,7.0,6.9,6.8,6.6,6.4,6.2,6.0,5.8,5.7,5.7,5.7,5.9,6.1,6.3,6.5,6.7,6.9,7.0,7.0,6.9,6.9,6.8,6.7,6.5,6.4,6.2,6.1,6.1,6.0,6.0,6.1,6.1,6.1,6.1,6.1,6.1,6.1,6.1,6.1,6.1,6.1,6.0,6.0,5.9,5.8,5.7,5.5,5.4,5.3,5.1,5.0,4.9,4.8,4.7,4.6,4.6,4.7,4.8,4.9,5.0,5.0,5.0,5.0,4.9,4.9,4.8,4.8,4.7,4.7,4.6,4.5,4.5,4.5,4.6,4.7,4.9,5.1,5.2,5.2,5.2,5.3,5.2,6.7,15.1,14.2,9.5,9.4,7.7,8.0,9.4,
Maine,8.1,8.1,8.1,8.1,8.1,8.0,8.0,8.0,7.9,7.9,7.8,7.8,7.7,7.7,7.7,7.7,7.7,7.6,7.6,7.6,7.5,7.5,7.4,7.3,7.3,7.2,7.2,7.1,7.1,7.0,6.9,6.8,6.7,6.6,6.5,6.4,6.3,6.2,6.2,6.1,6.0,5.9,5.8,5.7,5.7,5.6,5.5,5.4,5.3,5.2,5.1,5.0,4.8,4.7,4.6,4.5,4.4,4.3,4.2,4.1,4.0,4.0,4.0,3.9,3.9,3.9,3.8,3.8,3.8,3.8,3.7,3.7,3.7,3.6,3.6,3.6,3.5,3.5,3.5,3.5,3.4,3.4,3.3,3.3,3.2,3.2,3.1,3.1,3.1,3.2,3.2,3.2,3.3,3.3,3.3,3.3,3.3,3.3,3.3,3.2,3.2,3.1,3.1,3.0,2.9,2.9,2.9,2.9,3.0,3.0,3.0,3.1,3.2,3.0,10.4,9.4,6.7,9.9,7.0,6.1,5.4,
Maryland,7.6,7.5,7.5,7.4,7.3,7.3,7.3,7.3,7.3,7.3,7.3,7.2,7.2,7.1,7.0,7.0,7.0,7.0,7.0,7.0,7.0,7.0,7.0,6.9,6.9,6.9,6.9,6.9,6.8,6.8,6.7,6.7,6.6,6.6,6.5,6.4,6.3,6.3,6.2,6.1,6.0,6.0,5.9,5.9,5.9,5.8,5.8,5.7,5.6,5.6,5.5,5.4,5.4,5.3,5.3,5.2,5.1,5.0,5.0,4.9,4.8,4.7,4.7,4.6,4.5,4.5,4.5,4.4,4.4,4.4,4.4,4.4,4.4,4.4,4.4,4.3,4.3,4.3,4.3,4.2,4.2,4.2,4.2,4.2,4.2,4.2,4.2,4.2,4.1,4.1,4.1,4.0,4.0,3.9,3.9,3.8,3.8,3.8,3.8,3.8,3.7,3.7,3.7,3.7,3.6,3.6,3.6,3.5,3.4,3.4,3.4,3.3,3.3,3.3,10.1,10.0,8.3,7.8,7.0,7.6,7.8,
Massachusetts,8.0,7.9,7.8,7.8,7.6,7.5,7.4,7.4,7.3,7.2,7.1,7.0,6.9,6.9,6.8,6.7,6.7,6.6,6.6,6.6,6.6,6.6,6.6,6.7,6.7,6.7,6.8,6.8,6.9,6.9,6.9,6.9,6.9,6.8,6.7,6.6,6.5,6.4,6.3,6.2,6.1,6.0,5.9,5.9,5.8,5.7,5.7,5.6,5.5,5.4,5.2,5.1,5.1,5.0,4.9,4.9,4.8,4.8,4.7,4.7,4.6,4.5,4.4,4.3,4.2,4.1,4.0,3.9,3.8,3.7,3.7,3.7,3.7,3.7,3.8,3.8,3.8,3.8,3.8,3.8,3.8,3.8,3.7,3.7,3.7,3.6,3.6,3.6,3.5,3.5,3.5,3.4,3.4,3.3,3.3,3.3,3.2,3.2,3.1,3.1,3.1,3.0,3.0,2.9,2.9,2.9,2.8,2.8,2.8,2.8,2.8,2.8,2.8,2.8,16.2,16.6,17.7,16.2,11.4,9.8,7.4,
Michigan,11.8,11.6,11.3,11.0,10.8,10.7,10.6,10.6,10.6,10.6,10.5,10.2,10.0,9.7,9.4,9.2,9.1,9.1,9.2,9.2,9.2,9.2,9.1,9.1,9.0,9.0,9.1,9.1,9.1,9.0,8.9,8.9,8.8,8.8,8.8,8.7,8.6,8.4,8.3,8.1,8.0,7.8,7.7,7.6,7.4,7.2,7.0,6.8,6.6,6.4,6.2,6.0,5.9,5.8,5.7,5.6,5.5,5.3,5.2,5.1,5.0,4.9,4.9,4.9,4.9,4.9,4.9,5.0,5.0,5.0,5.0,5.1,5.1,5.1,5.0,4.9,4.7,4.6,4.5,4.4,4.5,4.5,4.6,4.7,4.7,4.6,4.6,4.5,4.4,4.4,4.3,4.2,4.1,4.0,3.9,3.9,4.0,4.0,4.1,4.2,4.2,4.3,4.3,4.2,4.2,4.1,4.0,3.9,3.9,3.9,3.9,3.8,3.6,4.3,24.0,21.3,14.9,8.7,8.7,8.6,5.5,
Minnesota,7.3,7.2,7.1,6.9,6.8,6.7,6.7,6.7,6.7,6.6,6.5,6.3,6.1,6.0,5.9,5.8,5.7,5.7,5.7,5.6,5.6,5.6,5.6,5.6,5.5,5.5,5.4,5.3,5.2,5.2,5.1,5.0,5.0,4.9,4.9,4.8,4.7,4.7,4.7,4.6,4.6,4.5,4.4,4.3,4.1,4.0,4.0,3.9,3.9,3.8,3.8,3.8,3.7,3.7,3.7,3.7,3.7,3.7,3.7,3.6,3.6,3.6,3.7,3.7,3.7,3.7,3.8,3.8,3.9,3.9,4.0,4.0,4.0,4.0,3.9,3.8,3.7,3.6,3.5,3.5,3.4,3.4,3.3,3.3,3.2,3.1,3.1,3.0,3.0,3.0,3.0,2.9,2.9,2.8,2.8,2.9,2.9,3.0,3.1,3.2,3.2,3.2,3.2,3.2,3.2,3.2,3.2,3.2,3.3,3.3,3.3,3.2,3.1,2.9,8.7,9.9,8.6,7.6,7.4,5.9,4.6,
Mississippi,10.1,10.1,10.1,10.1,10.1,10.1,10.1,10.1,10.2,10.1,10.1,10.0,9.8,9.7,9.4,9.2,9.1,9.0,8.9,9.0,9.0,9.1,9.0,9.0,8.9,8.9,8.9,8.9,8.9,8.9,8.8,8.7,8.6,8.5,8.4,8.3,8.2,8.1,8.1,8.0,8.0,7.9,7.8,7.7,7.6,7.5,7.3,7.2,7.1,7.0,6.8,6.7,6.6,6.6,6.5,6.4,6.3,6.3,6.2,6.2,6.2,6.2,6.2,6.1,6.0,6.0,5.9,5.9,5.9,5.8,5.8,5.7,5.6,5.5,5.5,5.4,5.3,5.2,5.2,5.2,5.1,5.1,5.0,5.0,4.9,4.9,4.9,4.9,4.9,4.9,4.8,4.8,4.8,4.7,4.7,4.8,4.9,5.0,5.1,5.1,5.2,5.3,5.3,5.4,5.4,5.5,5.5,5.6,5.6,5.6,5.6,5.5,5.4,5.1,16.3,10.5,8.8,9.4,7.8,7.2,7.4,
Missouri,9.5,9.5,9.4,9.3,9.1,8.9,8.8,8.7,8.6,8.5,8.4,8.2,8.0,7.8,7.6,7.4,7.2,7.1,7.0,7.0,6.9,6.9,6.8,6.8,6.8,6.9,6.9,6.9,6.8,6.8,6.8,6.8,6.8,6.8,6.7,6.6,6.6,6.6,6.6,6.7,6.7,6.6,6.5,6.3,6.2,6.0,5.9,5.8,5.7,5.6,5.6,5.5,5.5,5.5,5.4,5.3,5.1,4.9,4.8,4.6,4.5,4.5,4.4,4.4,4.4,4.4,4.5,4.6,4.7,4.8,4.8,4.8,4.7,4.5,4.3,4.1,4.0,3.9,3.8,3.8,3.7,3.7,3.6,3.6,3.6,3.5,3.5,3.4,3.4,3.3,3.3,3.2,3.1,3.0,3.0,3.0,3.0,3.1,3.2,3.2,3.2,3.2,3.2,3.1,3.1,3.2,3.2,3.3,3.4,3.4,3.4,3.5,3.5,3.9,10.2,10.1,7.8,6.9,7.0,4.8,4.6,
Montana,7.3,7.3,7.3,7.3,7.3,7.2,7.2,7.1,7.0,7.0,6.9,6.8,6.6,6.5,6.4,6.3,6.2,6.1,6.1,6.1,6.1,6.0,5.9,5.9,5.8,5.7,5.6,5.6,5.6,5.5,5.5,5.5,5.5,5.4,5.4,5.3,5.3,5.2,5.1,5.0,4.9,4.9,4.8,4.7,4.7,4.6,4.6,4.5,4.5,4.4,4.3,4.3,4.2,4.2,4.2,4.2,4.2,4.2,4.2,4.2,4.2,4.2,4.2,4.2,4.2,4.2,4.2,4.2,4.2,4.1,4.1,4.1,4.0,4.0,4.0,4.0,4.0,4.0,4.0,4.0,4.0,4.0,4.0,3.9,3.9,3.9,3.8,3.8,3.8,3.7,3.7,3.7,3.6,3.6,3.6,3.6,3.6,3.5,3.5,3.5,3.5,3.5,3.5,3.5,3.5,3.5,3.5,3.5,3.5,3.5,3.5,3.5,3.5,3.6,11.9,9.0,7.2,6.5,5.8,5.4,4.9,
Nebraska,4.5,4.5,4.5,4.5,4.5,4.5,4.5,4.5,4.4,4.4,4.4,4.3,4.3,4.2,4.2,4.1,4.1,4.0,4.0,4.0,4.0,4.0,4.0,4.0,4.0,4.0,4.0,3.9,3.9,3.9,3.9,3.8,3.8,3.8,3.7,3.7,3.6,3.6,3.6,3.5,3.5,3.5,3.4,3.4,3.3,3.2,3.2,3.1,3.1,3.0,3.0,2.9,2.9,2.9,3.0,3.0,3.0,3.1,3.1,3.1,3.1,3.0,3.0,3.0,3.0,3.0,3.0,3.1,3.1,3.1,3.1,3.1,3.1,3.1,3.1,3.0,3.0,2.9,2.9,2.9,2.9,2.9,2.9,2.9,2.9,2.9,2.9,2.9,2.9,2.9,2.9,2.9,2.9,2.9,2.9,2.9,2.9,3.0,3.0,3.0,3.1,3.1,3.1,3.1,3.1,3.1,3.1,3.0,3.0,3.0,3.0,2.9,2.9,4.0,8.7,5.3,5.5,4.9,4.0,3.6,3.0,
Nevada,13.7,13.7,13.6,13.5,13.4,13.3,13.2,13.2,13.1,13.1,13.0,12.9,12.7,12.5,12.3,12.0,11.8,11.6,11.5,11.4,11.3,11.1,11.0,10.8,10.7,10.6,10.5,10.4,10.3,10.2,10.0,9.9,9.7,9.6,9.4,9.2,9.1,8.9,8.8,8.6,8.5,8.4,8.2,8.1,7.9,7.8,7.7,7.6,7.5,7.4,7.3,7.2,7.1,7.0,6.9,6.9,6.8,6.7,6.7,6.6,6.5,6.4,6.3,6.2,6.1,6.0,5.9,5.8,5.7,5.6,5.6,5.5,5.4,5.4,5.3,5.2,5.2,5.2,5.1,5.1,5.0,5.0,4.9,4.9,4.9,4.8,4.8,4.7,4.7,4.6,4.6,4.5,4.4,4.4,4.4,4.3,4.3,4.3,4.2,4.2,4.1,4.1,4.0,4.0,3.9,3.9,3.8,3.7,3.7,3.7,3.7,3.6,3.6,6.9,30.1,25.3,15.2,14.2,13.3,12.5,12.0,
New Hampshire,5.6,5.6,5.5,5.4,5.3,5.3,5.3,5.3,5.4,5.5,5.5,5.5,5.5,5.5,5.4,5.4,5.4,5.4,5.4,5.5,5.5,5.5,5.6,5.6,5.5,5.5,5.5,5.5,5.4,5.3,5.2,5.1,5.1,5.0,5.0,4.9,4.9,4.8,4.8,4.7,4.6,4.6,4.5,4.4,4.3,4.2,4.2,4.1,4.0,3.9,3.9,3.8,3.7,3.7,3.6,3.5,3.4,3.3,3.2,3.2,3.1,3.0,3.0,2.9,2.9,2.9,2.9,2.9,2.9,2.9,2.9,2.8,2.8,2.8,2.8,2.8,2.8,2.8,2.7,2.7,2.7,2.7,2.7,2.7,2.7,2.7,2.7,2.7,2.7,2.7,2.6,2.6,2.6,2.5,2.5,2.5,2.5,2.5,2.5,2.5,2.5,2.5,2.5,2.5,2.5,2.6,2.6,2.6,2.6,2.6,2.6,2.6,2.6,2.4,17.1,15.4,9.2,8.0,6.6,5.8,4.2,
New Jersey,9.5,9.5,9.5,9.4,9.4,9.4,9.4,9.4,9.4,9.4,9.3,9.3,9.3,9.2,9.2,9.2,9.2,9.3,9.4,9.5,9.5,9.4,9.4,9.3,9.3,9.3,9.2,9.0,8.9,8.7,8.6,8.5,8.4,8.3,8.1,7.9,7.7,7.5,7.3,7.2,7.1,6.9,6.8,6.7,6.7,6.6,6.6,6.6,6.6,6.6,6.5,6.5,6.4,6.3,6.2,6.1,5.9,5.7,5.5,5.3,5.2,5.1,5.0,5.0,5.0,5.1,5.1,5.1,5.1,5.1,5.0,4.9,4.9,4.8,4.7,4.6,4.6,4.5,4.5,4.6,4.6,4.7,4.7,4.7,4.7,4.7,4.6,4.5,4.5,4.4,4.3,4.2,4.1,4.0,3.9,3.8,3.8,3.8,3.8,3.7,3.6,3.5,3.4,3.3,3.3,3.3,3.5,3.6,3.7,3.7,3.7,3.8,3.8,3.7,16.3,15.4,16.8,14.2,11.1,6.7,8.2,
New Mexico,8.0,7.9,7.8,7.7,7.5,7.4,7.4,7.4,7.4,7.5,7.5,7.6,7.6,7.6,7.6,7.5,7.3,7.2,7.1,7.1,7.0,7.0,7.0,7.0,7.1,7.1,7.0,7.0,7.0,6.9,6.9,6.9,6.9,6.9,6.9,7.0,7.0,7.0,6.9,6.9,6.9,6.9,6.8,6.8,6.7,6.7,6.6,6.5,6.5,6.4,6.4,6.4,6.5,6.5,6.6,6.6,6.5,6.5,6.5,6.4,6.5,6.5,6.5,6.5,6.5,6.6,6.6,6.7,6.7,6.7,6.7,6.6,6.6,6.5,6.4,6.4,6.3,6.2,6.1,6.0,5.9,5.8,5.7,5.6,5.5,5.4,5.3,5.2,5.1,5.0,4.9,4.8,4.8,4.8,4.8,4.8,4.9,4.9,4.9,5.0,5.0,5.0,5.0,4.9,4.9,4.8,4.8,4.8,4.8,4.8,4.8,4.8,4.8,6.3,11.9,9.1,8.4,12.7,11.4,9.9,8.1,
New York,8.5,8.4,8.4,8.3,8.2,8.1,8.1,8.1,8.2,8.3,8.3,8.4,8.5,8.5,8.6,8.6,8.6,8.7,8.7,8.7,8.7,8.6,8.5,8.4,8.3,8.2,8.2,8.1,8.1,8.0,7.9,7.8,7.8,7.7,7.7,7.6,7.4,7.3,7.1,7.0,6.8,6.7,6.6,6.5,6.4,6.2,6.1,6.0,6.0,5.9,5.8,5.7,5.7,5.6,5.5,5.4,5.3,5.2,5.0,5.0,4.9,4.9,4.9,4.9,4.8,4.8,4.8,4.8,4.9,4.9,4.9,5.0,4.9,4.9,4.8,4.7,4.7,4.7,4.7,4.7,4.7,4.8,4.8,4.7,4.7,4.6,4.6,4.5,4.5,4.4,4.3,4.2,4.1,4.0,3.9,3.9,3.9,4.0,4.0,4.0,4.0,4.0,4.0,4.0,3.9,3.9,3.9,3.9,3.9,3.9,3.9,3.8,3.7,4.1,15.3,14.5,15.6,15.9,12.5,9.7,9.6,
North Carolina,10.4,10.4,10.4,10.4,10.3,10.3,10.3,10.3,10.4,10.5,10.4,10.3,10.2,10.0,9.8,9.6,9.5,9.4,9.4,9.4,9.3,9.3,9.2,9.2,9.1,9.1,9.0,8.9,8.8,8.6,8.4,8.2,8.1,7.9,7.7,7.5,7.3,7.1,7.0,6.8,6.7,6.6,6.5,6.5,6.4,6.3,6.2,6.1,6.0,5.9,5.8,5.7,5.8,5.8,5.9,5.9,5.9,5.8,5.7,5.6,5.5,5.4,5.3,5.3,5.2,5.1,5.1,5.0,5.0,5.0,5.0,5.1,5.1,5.1,5.0,4.9,4.8,4.6,4.5,4.5,4.4,4.4,4.4,4.3,4.3,4.3,4.2,4.2,4.1,4.1,4.0,4.0,3.9,3.9,3.9,3.9,3.9,3.9,4.0,4.0,4.1,4.1,4.1,4.0,4.0,3.9,3.8,3.7,3.7,3.6,3.6,3.6,3.6,4.3,12.9,12.8,7.5,8.5,6.5,7.2,6.3,
North Dakota,3.7,3.6,3.6,3.5,3.5,3.5,3.5,3.5,3.5,3.5,3.5,3.5,3.4,3.4,3.3,3.2,3.1,3.0,3.0,3.0,3.0,3.0,3.1,3.1,3.1,3.1,3.1,3.1,3.1,3.0,3.0,3.0,2.9,2.9,2.8,2.8,2.8,2.8,2.8,2.7,2.7,2.7,2.6,2.6,2.6,2.7,2.7,2.7,2.7,2.7,2.6,2.6,2.7,2.7,2.8,2.8,2.8,2.8,2.8,2.8,2.9,2.9,3.0,3.1,3.2,3.3,3.3,3.2,3.2,3.1,3.0,3.0,2.9,2.9,2.9,2.8,2.7,2.7,2.6,2.6,2.6,2.6,2.6,2.7,2.7,2.7,2.7,2.7,2.7,2.7,2.6,2.6,2.6,2.6,2.6,2.5,2.5,2.4,2.4,2.3,2.3,2.3,2.3,2.4,2.4,2.4,2.4,2.4,2.4,2.4,2.4,2.3,2.2,2.0,9.1,9.1,7.4,6.6,5.0,4.4,4.8,
Ohio,9.8,9.7,9.5,9.3,9.1,9.0,9.0,9.0,9.1,9.1,9.0,8.8,8.5,8.3,8.0,7.8,7.6,7.5,7.4,7.4,7.3,7.3,7.2,7.2,7.3,7.4,7.5,7.5,7.6,7.6,7.6,7.5,7.5,7.6,7.5,7.4,7.3,7.1,6.9,6.6,6.4,6.2,6.0,5.9,5.8,5.7,5.6,5.5,5.4,5.3,5.2,5.1,5.1,5.1,5.1,5.0,4.9,4.8,4.7,4.7,4.7,4.8,4.9,5.0,5.0,5.0,5.0,5.0,5.0,5.0,5.0,5.1,5.2,5.2,5.2,5.2,5.2,5.1,5.1,5.1,5.0,5.0,5.0,4.9,4.8,4.6,4.5,4.5,4.5,4.5,4.6,4.6,4.5,4.5,4.4,4.4,4.4,4.4,4.3,4.3,4.2,4.1,4.1,4.1,4.1,4.2,4.2,4.1,4.1,4.1,4.1,4.1,4.1,5.8,17.6,13.9,11.0,9.0,8.9,8.3,5.6,
Oklahoma,6.6,6.5,6.4,6.2,6.1,5.9,5.9,5.8,5.8,5.9,5.9,5.9,5.8,5.7,5.6,5.5,5.4,5.3,5.2,5.2,5.2,5.2,5.2,5.2,5.2,5.3,5.3,5.3,5.3,5.4,5.4,5.3,5.3,5.3,5.3,5.3,5.2,5.2,5.1,5.0,4.9,4.8,4.7,4.6,4.5,4.4,4.3,4.3,4.2,4.2,4.2,4.2,4.2,4.3,4.4,4.4,4.5,4.5,4.4,4.4,4.5,4.5,4.5,4.6,4.7,4.7,4.8,4.9,4.9,4.9,4.9,4.9,4.8,4.8,4.7,4.6,4.5,4.4,4.3,4.3,4.2,4.2,4.1,4.1,4.0,4.0,3.9,3.9,3.8,3.7,3.6,3.5,3.4,3.3,3.2,3.2,3.2,3.2,3.3,3.3,3.3,3.2,3.2,3.2,3.2,3.3,3.3,3.3,3.4,3.4,3.4,3.3,3.2,2.9,14.7,12.6,6.4,7.1,5.7,5.4,6.1,
Oregon,10.4,10.2,10.1,9.9,9.7,9.5,9.5,9.5,9.5,9.5,9.5,9.5,9.4,9.3,9.2,9.1,9.0,9.0,8.9,8.9,8.9,8.8,8.7,8.7,8.7,8.6,8.6,8.5,8.4,8.3,8.1,8.0,7.9,7.8,7.7,7.6,7.5,7.4,7.3,7.3,7.3,7.2,7.1,7.0,6.8,6.7,6.6,6.5,6.4,6.2,6.1,6.0,5.9,5.8,5.8,5.7,5.7,5.6,5.5,5.4,5.3,5.2,5.1,5.1,5.0,5.0,5.0,5.0,5.0,4.9,4.8,4.7,4.6,4.4,4.3,4.2,4.1,4.1,4.1,4.1,4.1,4.1,4.1,4.1,4.1,4.1,4.1,4.1,4.1,4.1,4.0,4.0,3.9,3.9,4.0,4.0,4.1,4.2,4.2,4.2,4.2,4.1,4.0,3.9,3.8,3.7,3.6,3.5,3.4,3.4,3.4,3.3,3.3,3.5,14.9,14.3,11.6,10.4,8.5,7.9,6.9,
Pennsylvania,8.2,8.1,8.0,7.9,7.9,7.8,7.8,7.9,8.0,8.0,8.1,8.0,8.0,7.9,7.8,7.7,7.7,7.7,7.7,7.8,7.9,7.9,7.9,7.9,7.9,7.9,7.9,7.9,7.8,7.7,7.6,7.5,7.4,7.3,7.3,7.1,7.0,6.8,6.7,6.5,6.4,6.2,6.1,6.0,5.9,5.8,5.7,5.6,5.5,5.4,5.4,5.4,5.4,5.4,5.4,5.4,5.3,5.3,5.2,5.2,5.1,5.1,5.2,5.2,5.3,5.4,5.4,5.4,5.5,5.5,5.5,5.4,5.4,5.3,5.2,5.2,5.1,5.0,5.0,4.9,4.8,4.8,4.8,4.7,4.7,4.7,4.6,4.6,4.5,4.4,4.3,4.3,4.2,4.2,4.2,4.1,4.1,4.1,4.1,4.1,4.1,4.1,4.1,4.2,4.3,4.4,4.5,4.6,4.6,4.6,4.6,4.7,4.7,5.8,16.1,13.4,13.2,12.5,10.4,8.3,7.3,
Rhode Island,11.2,11.1,11.1,11.0,11.0,10.9,10.9,10.9,10.9,11.0,11.0,11.1,11.2,11.2,11.2,11.2,11.0,10.9,10.7,10.6,10.5,10.3,10.2,10.1,9.9,9.7,9.6,9.5,9.4,9.3,9.3,9.3,9.3,9.3,9.3,9.2,9.2,9.1,9.0,8.8,8.7,8.4,8.2,8.0,7.8,7.5,7.3,7.1,7.0,6.8,6.7,6.6,6.5,6.4,6.3,6.2,6.0,5.9,5.8,5.7,5.6,5.5,5.5,5.4,5.4,5.4,5.4,5.4,5.3,5.3,5.2,5.1,4.9,4.8,4.7,4.5,4.5,4.4,4.4,4.4,4.4,4.4,4.4,4.4,4.4,4.4,4.4,4.3,4.3,4.2,4.1,4.0,3.9,3.9,3.8,3.8,3.8,3.8,3.7,3.7,3.7,3.6,3.6,3.6,3.6,3.6,3.5,3.5,3.5,3.5,3.5,3.4,3.4,4.7,18.1,16.4,12.6,11.3,12.9,10.5,7.0,
South Carolina,10.9,10.8,10.8,10.7,10.7,10.6,10.6,10.6,10.7,10.7,10.7,10.6,10.4,10.2,10.0,9.8,9.7,9.6,9.5,9.5,9.4,9.2,9.0,8.9,8.7,8.6,8.5,8.4,8.4,8.2,8.1,7.9,7.8,7.6,7.4,7.2,7.0,6.8,6.6,6.4,6.3,6.2,6.3,6.3,6.4,6.5,6.6,6.7,6.7,6.6,6.5,6.5,6.4,6.4,6.3,6.2,6.0,5.9,5.8,5.6,5.6,5.5,5.5,5.4,5.4,5.3,5.2,5.2,5.1,5.0,4.9,4.8,4.7,4.7,4.6,4.5,4.4,4.4,4.3,4.3,4.3,4.3,4.3,4.2,4.2,4.1,4.0,3.9,3.8,3.6,3.5,3.4,3.4,3.3,3.3,3.3,3.3,3.3,3.4,3.4,3.4,3.4,3.3,3.1,2.9,2.7,2.5,2.4,2.4,2.4,2.4,2.4,2.5,3.2,12.8,12.4,8.7,8.7,6.4,5.2,4.2,
South Dakota,4.9,5.0,5.0,5.0,5.0,5.0,4.9,4.8,4.7,4.7,4.6,4.6,4.5,4.5,4.4,4.4,4.3,4.3,4.3,4.3,4.3,4.4,4.3,4.3,4.2,4.1,4.0,4.0,3.9,3.9,3.9,3.8,3.8,3.8,3.7,3.7,3.7,3.6,3.6,3.6,3.5,3.5,3.5,3.5,3.4,3.4,3.3,3.3,3.3,3.3,3.3,3.3,3.3,3.2,3.2,3.2,3.1,3.1,3.1,3.0,2.9,2.9,2.9,2.9,2.8,2.9,2.9,2.9,3.0,3.0,3.0,3.1,3.1,3.1,3.1,3.1,3.2,3.2,3.2,3.2,3.2,3.2,3.3,3.3,3.2,3.2,3.2,3.2,3.2,3.1,3.1,3.1,3.1,3.0,3.0,3.0,3.0,3.0,3.1,3.1,3.1,3.2,3.2,3.3,3.3,3.3,3.3,3.4,3.4,3.4,3.4,3.4,3.3,3.1,10.9,9.4,7.2,6.4,4.8,4.1,3.6,
Tennessee,9.4,9.5,9.5,9.5,9.4,9.3,9.2,9.2,9.1,9.1,9.0,8.8,8.6,8.3,8.1,7.9,7.8,7.8,7.9,7.9,8.0,7.9,7.8,7.7,7.7,7.7,7.8,7.9,8.0,8.1,8.0,8.0,7.9,7.8,7.8,7.6,7.4,7.2,7.1,6.8,6.7,6.6,6.6,6.7,6.7,6.7,6.6,6.6,6.5,6.4,6.3,6.2,6.1,6.0,5.9,5.8,5.7,5.6,5.5,5.3,5.2,5.0,4.9,4.8,4.7,4.7,4.7,4.7,4.7,4.8,4.8,4.8,4.8,4.7,4.6,4.5,4.3,4.1,3.9,3.8,3.6,3.5,3.5,3.5,3.5,3.5,3.5,3.6,3.6,3.6,3.6,3.6,3.6,3.5,3.5,3.5,3.4,3.4,3.4,3.4,3.4,3.5,3.5,3.5,3.4,3.4,3.4,3.3,3.3,3.3,3.3,3.3,3.4,3.3,15.5,11.0,9.6,9.7,8.6,6.5,7.4,
Texas,8.1,8.1,8.1,8.0,7.9,7.9,7.9,7.9,7.9,7.9,7.8,7.7,7.6,7.4,7.2,7.1,7.0,6.9,6.9,6.9,6.8,6.7,6.6,6.5,6.5,6.5,6.5,6.5,6.5,6.5,6.5,6.4,6.3,6.3,6.2,6.1,6.0,5.9,5.8,5.7,5.5,5.4,5.3,5.2,5.2,5.1,5.0,4.9,4.8,4.7,4.6,4.5,4.4,4.4,4.4,4.4,4.4,4.4,4.4,4.4,4.5,4.5,4.4,4.4,4.4,4.4,4.5,4.6,4.7,4.7,4.7,4.8,4.8,4.8,4.8,4.7,4.7,4.6,4.5,4.4,4.3,4.2,4.1,4.1,4.1,4.0,4.0,4.0,4.0,4.0,4.0,3.9,3.9,3.8,3.7,3.7,3.7,3.7,3.7,3.7,3.6,3.5,3.5,3.4,3.4,3.5,3.5,3.5,3.5,3.5,3.5,3.5,3.5,5.1,13.5,13.0,8.4,8.0,6.8,8.3,6.9,
Utah,7.7,7.6,7.6,7.5,7.4,7.2,7.1,7.0,6.8,6.7,6.5,6.4,6.3,6.1,6.0,5.9,5.8,5.7,5.6,5.5,5.4,5.3,5.2,5.2,5.1,5.1,5.0,5.0,4.9,4.8,4.8,4.7,4.6,4.6,4.5,4.4,4.3,4.3,4.2,4.1,4.0,3.9,3.8,3.8,3.8,3.8,3.8,3.8,3.7,3.7,3.6,3.6,3.6,3.6,3.6,3.6,3.6,3.6,3.6,3.6,3.6,3.6,3.6,3.6,3.6,3.6,3.6,3.5,3.5,3.4,3.4,3.3,3.3,3.3,3.3,3.3,3.3,3.3,3.3,3.3,3.3,3.3,3.3,3.2,3.2,3.2,3.1,3.1,3.1,3.1,3.1,3.1,3.1,3.1,3.0,3.0,3.0,3.0,2.9,2.9,2.8,2.8,2.7,2.7,2.6,2.5,2.5,2.5,2.4,2.4,2.4,2.5,2.5,3.8,10.4,8.6,5.3,4.5,4.1,5.0,4.1,
Vermont,6.0,5.9,5.9,5.8,5.7,5.6,5.5,5.5,5.4,5.4,5.4,5.4,5.4,5.3,5.2,5.1,5.0,5.0,5.0,5.0,5.0,5.0,5.0,4.9,4.8,4.7,4.6,4.6,4.5,4.5,4.5,4.5,4.5,4.4,4.4,4.3,4.3,4.2,4.2,4.1,4.1,4.0,4.0,4.0,3.9,3.9,3.9,3.9,3.8,3.8,3.8,3.8,3.7,3.7,3.6,3.6,3.6,3.5,3.5,3.5,3.4,3.4,3.4,3.3,3.3,3.3,3.3,3.3,3.2,3.2,3.2,3.2,3.1,3.1,3.1,3.1,3.1,3.1,3.0,3.0,3.0,2.9,2.9,2.9,2.8,2.8,2.7,2.7,2.7,2.7,2.6,2.6,2.6,2.5,2.5,2.5,2.4,2.4,2.4,2.4,2.3,2.3,2.3,2.3,2.4,2.4,2.4,2.4,2.4,2.4,2.4,2.4,2.4,3.1,16.5,12.8,9.5,8.3,4.8,4.3,3.2,
Virginia,6.9,6.9,6.8,6.7,6.6,6.5,6.5,6.6,6.6,6.7,6.7,6.7,6.6,6.5,6.4,6.3,6.2,6.2,6.2,6.2,6.1,6.1,6.0,5.9,5.9,5.8,5.8,5.8,5.8,5.8,5.8,5.7,5.7,5.7,5.7,5.7,5.6,5.6,5.5,5.5,5.4,5.4,5.4,5.3,5.3,5.2,5.2,5.1,5.1,5.0,4.9,4.9,4.8,4.8,4.7,4.6,4.5,4.4,4.3,4.2,4.1,4.1,4.1,4.1,4.0,4.0,4.0,4.1,4.1,4.1,4.2,4.2,4.2,4.1,4.1,4.0,4.0,3.9,3.8,3.8,3.7,3.7,3.6,3.6,3.5,3.4,3.4,3.3,3.2,3.2,3.1,3.1,3.0,3.0,2.9,2.9,2.9,2.9,3.0,3.0,3.0,2.9,2.9,2.8,2.8,2.7,2.7,2.7,2.7,2.7,2.7,2.7,2.6,3.3,11.2,9.0,8.1,7.9,6.1,6.2,5.3,
Washington,9.8,9.8,9.7,9.6,9.5,9.5,9.4,9.4,9.4,9.3,9.3,9.2,9.0,8.9,8.8,8.6,8.5,8.5,8.4,8.4,8.3,8.2,8.0,7.8,7.7,7.5,7.4,7.4,7.3,7.3,7.2,7.1,7.1,7.0,7.0,6.9,6.8,6.7,6.6,6.5,6.4,6.3,6.2,6.2,6.1,6.1,6.0,6.0,6.0,5.9,5.8,5.8,5.7,5.7,5.7,5.7,5.6,5.6,5.6,5.6,5.6,5.6,5.5,5.5,5.5,5.4,5.4,5.4,5.3,5.3,5.2,5.1,5.1,5.0,4.9,4.9,4.8,4.8,4.7,4.7,4.7,4.7,4.7,4.7,4.6,4.6,4.6,4.6,4.5,4.5,4.5,4.4,4.4,4.4,4.4,4.4,4.4,4.5,4.5,4.5,4.5,4.5,4.4,4.4,4.3,4.2,4.2,4.1,4.0,4.0,4.0,3.9,3.8,5.1,16.3,15.1,10.0,10.2,8.4,8.3,6.0,
West Virginia,8.8,8.8,8.8,8.7,8.5,8.3,8.2,8.1,8.0,8.0,8.0,7.9,7.8,7.7,7.5,7.4,7.3,7.3,7.4,7.5,7.6,7.6,7.7,7.6,7.6,7.5,7.4,7.3,7.1,6.9,6.8,6.7,6.6,6.6,6.6,6.6,6.7,6.8,6.8,6.9,6.8,6.8,6.7,6.7,6.6,6.6,6.5,6.5,6.5,6.5,6.5,6.6,6.8,6.9,7.0,7.0,7.0,6.9,6.7,6.6,6.5,6.4,6.4,6.4,6.4,6.4,6.3,6.2,6.2,6.1,6.0,5.9,5.8,5.7,5.5,5.3,5.2,5.1,5.0,5.0,5.1,5.1,5.2,5.3,5.3,5.3,5.4,5.4,5.4,5.4,5.4,5.3,5.3,5.2,5.1,5.1,5.0,5.0,4.9,4.9,4.8,4.8,4.7,4.7,4.7,4.8,4.9,5.0,5.1,5.1,5.1,5.0,4.9,6.0,15.9,12.9,10.5,10.0,8.9,8.6,6.4,
Wisconsin,8.3,8.2,8.1,8.0,8.0,7.9,7.9,7.9,7.9,7.8,7.8,7.7,7.5,7.4,7.3,7.2,7.1,7.1,7.1,7.1,7.1,7.1,7.0,6.9,6.9,6.9,6.9,7.0,7.0,7.0,6.9,6.8,6.8,6.7,6.6,6.6,6.5,6.3,6.2,6.1,5.9,5.8,5.7,5.5,5.4,5.3,5.2,5.1,5.0,4.9,4.9,4.8,4.8,4.7,4.7,4.6,4.5,4.5,4.4,4.4,4.3,4.3,4.3,4.3,4.2,4.2,4.1,4.1,4.0,4.0,3.9,3.9,3.9,3.8,3.7,3.6,3.5,3.4,3.3,3.3,3.3,3.2,3.2,3.2,3.1,3.1,3.0,3.0,3.0,3.0,3.0,3.0,3.0,3.0,3.0,3.0,3.0,3.0,3.0,3.1,3.2,3.2,3.3,3.3,3.4,3.4,3.4,3.4,3.5,3.5,3.5,3.5,3.5,3.1,13.6,12.1,8.6,7.1,6.3,5.4,5.7,
Wyoming,6.1,6.1,6.2,6.1,6.1,6.0,5.9,5.8,5.7,5.7,5.6,5.7,5.7,5.6,5.6,5.5,5.4,5.3,5.3,5.3,5.3,5.3,5.4,5.3,5.3,5.2,5.1,5.1,5.0,4.9,4.8,4.7,4.7,4.6,4.6,4.6,4.6,4.5,4.5,4.4,4.3,4.2,4.2,4.1,4.1,4.1,4.1,4.1,4.1,4.0,3.9,3.9,4.0,4.1,4.2,4.3,4.3,4.4,4.4,4.4,4.5,4.6,4.9,5.1,5.4,5.6,5.7,5.7,5.6,5.5,5.3,5.2,5.0,4.9,4.8,4.6,4.4,4.3,4.1,4.1,4.0,4.1,4.1,4.1,4.1,4.1,4.0,4.0,4.0,3.9,3.9,3.9,3.9,3.9,3.9,3.9,3.8,3.7,3.6,3.5,3.5,3.4,3.5,3.5,3.6,3.7,3.7,3.7,3.7,3.7,3.7,3.7,3.7,3.8,9.6,8.8,7.6,7.1,6.6,6.1,5.5,
Puerto Rico,15.8,15.8,16.0,16.2,16.4,16.5,16.5,16.3,16.1,15.9,15.7,15.6,15.5,15.5,15.4,15.3,15.1,14.9,14.7,14.5,14.2,14.1,14.0,14.0,14.2,14.3,14.3,14.2,14.1,13.8,13.7,13.7,13.8,14.0,14.3,14.5,14.8,14.9,15.0,14.9,14.6,14.2,13.8,13.6,13.6,13.8,14.0,14.0,13.7,13.2,12.6,12.2,12.0,12.1,12.1,12.1,12.1,12.1,12.1,12.0,12.0,12.0,11.9,11.7,11.6,11.5,11.5,11.6,11.6,11.7,11.8,12.0,12.1,12.0,11.9,11.8,11.5,11.2,10.9,10.6,10.4,10.4,10.5,10.7,11.3,10.9,10.7,10.5,10.2,10.0,9.7,9.5,9.2,8.9,8.6,8.4,8.3,8.3,8.5,8.6,8.7,8.6,8.4,8.0,7.7,7.5,7.6,7.9,8.3,8.5,8.5,8.9,8.8,-,-,9.0,8.9,8.5,8.3,8.4,8.3,
